description,thematic_areas,features_culture_organization,digital_tools,work_methods,outstanding_knowledge_community,soft_skills,key
"Autodesk is a design, engineering, and construction software company. 
It is one of the largest software companies in the world, with more than 75,000 employees 
worldwide. Autodesk offers a wide range of software products, including AutoCAD, Revit, 
Inventor, and Maya. These products are used by a wide range of industries, including architecture, 
engineering, construction, manufacturing, entertainment, and design.",,,"[""AutoCAD"", ""Revit"", ""Inventor"", ""Maya"", ""Cloud computing"", ""Big data"", ""Inteligencia artificial""]","[""remote"", ""in_house"", ""mixed""]","[""technology"", ""accounting"", ""customer_service""]","[""problem_solving"", ""teamwork"", ""innovation"", ""assertive_comunication""]",technology
"Somos una compañía que agrupa soluciones en seguros y seguridad social. Nuestra  marca se presenta como  Seguros SURA-autos, salud, vida-, ARL SURA y EPS SURA. 

Contamos con el respaldo de GRUPO SURA como  compañía matriz y la reaseguradora internacional Munich Re. ",,,[],,,,services
"Every company has a mission. What's ours? To empower every person and every organization to achieve more. We believe technology can and should be a force for good and that meaningful innovation contributes to a brighter world in the future and today. Our culture doesn’t just encourage curiosity; it embraces it. Each day we make progress together by showing up as our authentic selves. We show up with a learn-it-all mentality. We show up cheering on others, knowing their success doesn't diminish our own. We show up every day open to learning our own biases, changing our behavior, and inviting in differences. When we show up, we achieve more together. Microsoft operates in 190 countries and is made up of more than 220,000 passionate employees worldwide.

Business Software, Developer Tools, Home & Educational Software, Tablets, Search, Advertising, Servers, Windows Operating System, Windows Applications & Platforms, Smartphones, Cloud Computing, Quantum Computing, Future of Work",,,"[""Microsoft Azure"", ""Microsoft 365"", ""Windows"", ""Visual Studio"", ""Visual Studio Code"", ""Azure DevOps"", ""Power BI"", ""SQL Server"", ""SharePoint"", ""Microsoft Teams"", ""OneDrive"", ""GitHub"", ""Dynamics 365"", ""Microsoft Edge"", ""Azure Machine Learning"", ""Azure Cognitive Services"", ""Azure Kubernetes Service"", ""Azure Functions"", ""Azure Logic Apps"", ""Azure Cosmos DB"", ""Azure SQL Database""]","[""remote"", ""in_house"", ""mixed""]","[""marketing_sales"", ""technology"", ""work_methods"", ""customer_services""]","[""assertive_communication"", ""teamwork"", ""problem_solving"", ""fast_learning"", ""critical_thinking"", ""time_management""]",technology
General Medica de Colombia SA,,,,,,,health
"McDonalds is an American fast food restaurant chain based in Chicago, Illinois. 
It is the world largest fast food restaurant chain by number of restaurants, 
with more than 38,000 restaurants in 100 countries.",,,"[""Webex"", ""SharePoint"", ""Microsoft Dynamics"", ""HubSpot"", ""Jira""]","[""remote"", ""in_house"", ""mixed""]","[""customer_service"", ""marketing_sales"", ""processes"", ""economy""]","[""assertive_communication"", ""teamwork"", ""problem_solving""]",food_and_beverages
ok,,,,,,,health
"Goldman Sachs is a global financial services company that offers a wide range of products and services 
to a wide range of clients, including corporations, governments, and financial institutions. 
The company was founded in 1869 and is headquartered in New York, NY.",,,"[""GSET"", ""Marquee"", ""Aladdin"", ""Research Platforms"", ""RegTech"", ""Blockchain""]","[""remote"", ""in_house"", ""mixed""]","[""finance"", ""management_leadership"", ""work_methods"", ""accounting""]","[""empathy"", ""problem_solving"", ""teamwork"", ""assertive_communication""]",financial
Usamos ideas brillantes para desarrollar proyectos innovadores que mejoren la vida de las personas.,,,,,,,health
"Porvenir es una administradora de fondos de pensiones y cesantías constituida en 1991, como fondo de cesantías únicamente. Sin embargo, en el año 1994, se estableció una alianza con la AFP Provida S.A. de Chile, en su momento la más grande administradora de pensiones en ese país, para entrar en operación con un fondo privado de pensiones obligatorias (solo hasta ese año se estableció este modelo en Colombia). Provida mantuvo su participación del 20% en Porvenir hasta septiembre de 2003. Actualmente, Porvenir administra un Fondo de Pensiones Voluntarias, Fondos de Pensiones Obligatorias y Fondos de Cesantías, así como Patrimonios Autónomos. Desde sus inicios Porvenir se ha consolidado como la sociedad administradora con lamayor cantidad de afiliados y de recursos administrados en los fondos de pensiones obligatorias y de cesantías. Porvenir hace parte del Grupo AVAL, uno de las multinacionales financieras más importantes del país. Para velar por los intereses de los afiliados y por disposición legal, Porvenir es vigilada por la Superintendencia Financiera y es auditada por una firma de Revisoría Fiscal de reconocida experiencia. Porvenir trabaja en la consolidación y administración del futuro pensional de los afiliados y administra su ahorro bajo criterios de rentabilidad, seguridad y transparencia; este compromiso se encuentra respaldado por un excelente equipo humano en continuo crecimiento y desarrollo, el cual vela por ofrecer un portafolio de productos dinámicos y un servicio ágil y oportuno, para garantizar la satisfacción de las necesidades de los clientes.",,,,,,,social_security
"ConocoPhillips is an international energy company that explores, produces, refines, 
transports and markets oil and natural gas. The company is headquartered in Houston, 
Texas, and operates in more than 30 countries.",,,"[""AutoCAD"", ""MATLAB"", ""Google Workspace"", ""Salesforce"", ""SAP"", ""Oracle""]","[""remote"", ""in_house"", ""mixed""]","[""finance"", ""technology"", ""accounting""]","[""empathy"", ""collaboration"", ""problem_solving"", ""critical_thinking"", ""responsability"", ""teamwork""]",electrical
"Su actividad consiste en la fabricación y comercialización de productos químicos intermedios

para los sectores agro, pinturas, adhesivos, textil, aseo, curtimbres, construcción y papel.",,,,,,,health
"Amazon tiene la misión de ser la compañía más orientada al cliente del mundo, en la que las personas puedan encontrar prácticamente cualquier producto que quieran comprar en línea. Conscientes de que nuestros clientes buscan precios bajos, gran variedad y comodidad, nos esforzamos en exceder sus expectativas, y es por este motivo que Amazon continúa creciendo y afianzando su posición entre las plataformas de comercio en línea líderes del mundo. Creado por Jeff Bezos, el sitio web Amazon.com abrió sus puertas virtuales en 1995 para ser un lugar en el que los amantes de la lectura pudieran comprar libros en un entorno único que solo la web podía ofrecer. Bezos estaba convencido de que Internet brindaría a los clientes la comodidad de explorar una selección de millones de obras sin moverse del sitio. Durante sus primeros 30 días de existencia, Amazon tramitó pedidos para clientes repartidos en los 50 estados de Estados Unidos y en 45 países; y todos los pedidos se enviaron desde el garaje de Bezos, ubicado en el área de Seattle. La evolución de Amazon, que ha pasado de sitio web a socio de comercio en línea hasta convertirse en plataforma de desarrollo, ha sido impulsada por el espíritu de innovación inherente a la compañía. Amazon atrae a los talentos más brillantes con el fin de investigar y desarrollar tecnologías que mejoren la vida de compradores y vendedores de todas las partes del mundo.

e-Commerce, Retail, Operations, and Internet",,,"[""Microsoft Office"", ""Adobe Creative Suite"", ""Salesforce"", ""SAP"", ""Oracle"", ""AWS""]","[""remote"", ""in_house"", ""mixed""]","[""technology"", ""finance"", ""marketing_sales"", ""management_leadership""]","[""critical_thinking"", ""problem_solving"", ""assertive_communication"", ""teamwork"", ""fast_learning""]",technology
"JPMorgan Chase & Co. is an American financial services bank that offers a wide range of products and 
services to corporations, financial institutions, and individual clients. 
The company is headquartered in New York, New York, and has more than 250,000 employees worldwide.",,,"[""Microsoft Office Suite"", ""Bloomberg"", ""Reuters"", ""Salesforce"", ""SAP""]","[""remote"", ""in_house"", ""mixed""]","[""finance"", ""accounting"", ""technology""]","[""critical_thinking"", ""assertive_communication"", ""teamwork"", ""leadership"", ""flexibility"", ""adaptability"", ""initiative"", ""creativity""]",financial
"Discover Financial Services is an American financial services company that offers credit cards, 
student loans, personal loans, home loans, and other financial products.",,,"[""Adobe Creative Suite"", ""Salesforce"", ""Workday"", ""Slack""]","[""remote"", ""in_house"", ""mixed""]","[""finance"", ""accounting"", ""economy"", ""marketing_sales"", ""technology""]","[""flexibility"", ""adaptability"", ""time_management"", ""problem_solving"", ""innovation"", ""creativity"", ""leadership""]",financial
"Suramericana S.A. nace en 1944 como una compañía dedicada al aseguramiento de riesgos generales y hoy es una compañía especializada en aseguramiento, tendencias y riesgos, líder en Colombia y con operación en El Salvador, República Dominicana y Panamá. En 2016 consolidó su presencia en América Latina, gracias a la adquisición de operaciones de RSA en México, Chile, Argentina, Brasil, Uruguay y Colombia.",,,,,,,health
"Esta es la compañía que pone Mascara en las pestañas y comida en la mesa. Que lucha contra las arrugas con una mano y contra el cáncer de mama con la otra. Que conoce el valor de lucir unos labios perfectos, pero también de expresarse contra la violencia doméstica y a favor de la independencia económica de la mujer, que apoya a más de 6 millones de representantes alrededor del mundo. Esto es AVON, la compañía que durante 130 años se ha pronunciado a favor de la belleza, la belleza, la innovación, el optimismo y por sobre todo, por amor a la mujer. ",,,,,,,agriculture
"¡Tu Pitch profesional en video visto un millón de veces!
Reinventamos la forma de exhibir e identificar talentos en videos tipo TikTok, agrupados en listas de reproducción filtradas usando Inteligencia Artificial.","[7, 11, 17, 4, 8, 9, 6, 10, 19, 14]","[""challenge_work_team"", ""collaboration"", ""customer_orientation"", ""use_technology"", ""autonomy"", ""work_under_methodologies""]","[""Plataforma Interacpedia"", ""Planner"", ""Teams"", ""Intercom"", ""PHP"", ""Google Analytics"", ""notion"", ""clickup""]","[""in_house"", ""virtual"", ""mixed""]","[""technology"", ""work_methods"", ""marketing_sales"", ""customer_service"", ""processes""]","[""teamwork"", ""communication"", ""ease_adaptation"", ""problem_solving"", ""resilience"", ""decision_making""]",education
"Cada día, dos mil quinientos millones de personas utilizan productos de Unilever para verse bien, sentirse bien y sacarle más provecho a la vida, lo que nos da una oportunidad única para construir un futuro mejor.",,,,,,,food_and_beverages
"Grupo Familia es una compañía productora y comercializadora de productos de consumo masivo, conformada con capital Colombiano y Sueco (SCA). Somos líderes en productos de cuidado e higiene personal los cuales entregamos al consumidor y las instituciones con marcas potentes, Pequeñín, Familia, Nosotras, TENA, Petys, FresKids y Familia Institucional. Nos caracterizamos por ser una compañía innovadora desde las soluciones que ofrecemos entregándolas de manera oportuna a los clientes y consumidores.",,,,,,,paper_and_cardboard
"El Servicio Nacional de Aprendizaje, SENA, está encargado de cumplir la función que corresponde al Estado de invertir en el desarrollo social y técnico de los trabajadores colombianos; ofreciendo y ejecutando la formación profesional integral, para la incorporación y el desarrollo de las personas en actividades productivas que contribuyan al desarrollo social, económico y tecnológico del país.",,,,,,,education
ok,,,,,,,health
"Mesfix es una fintech colombiana de crowdfactoring y mercado en línea de facturas por cobrar en Colombia. Cuentan con una plataforma web que conecta empresas que desean vender sus facturas por cobrar, con una comunidad de personas interesadas en comprarlas y rentabilizar su dinero. La inversión mínima comienza en un 1 millón de pesos, lo que permite que la persona invierta en múltiples facturas de empresas para diversificar su riesgo.",,,,,,,information_technology_and_software
"Agrofuturo es una empresa que ha promovido el desarrollo del sector agropecuario durante 10 años a través del conocimiento, innovación y tecnología
",,,,,,,agriculture
"Intel Corporation is an American technology company that specializes 
in the design and manufacture of semiconductors. It was founded in 1968 
by Robert Noyce and Gordon Moore, and is headquartered in Santa Clara, California. 
Intel is one of the largest and most successful companies in the world, and its 
products are used in a wide range of devices, including computers, smartphones, tablets, and televisions.",,,"[""Cadence"", ""Synopsys"", ""Mentor Graphics"", ""SPICE"", ""Intel Parallel Studio"", ""Git"", ""AWS""]","[""remote"", ""in_house"", ""mixed""]","[""technology"", ""work_methods"", ""mangement_leadership""]","[""assertive_communication"", ""creativity"", ""problem-solving"", ""teamwork"", ""leadership""]",technology
"La Fundación DINOS es una entidad privada sin ánimo de lucro, surge como una iniciativa que promueve la educación en alimentación saludable a través de una metodología innovadora que incluye experiencias interactivas y creativas, contando con la vital participación de la familia en el acompañamiento de las actividades.",,,,,,,others
"Alibaba Group is a Chinese multinational technology company headquartered in Hangzhou, Zhejiang. It is the 
world largest e-commerce conglomerate, also dealing in financial services, logistics, cloud computing, 
and entertainment.",,,"[""Tmall"", ""Alibaba Cloud"", ""MaxCompute"", ""Ant Financial"", ""Cainiao Network"", ""Dreamweaver""]","[""remote"", ""in_house"", ""mixed""]","[""marketing_sales"", ""customer_service"", ""finance""]","[""cultural_awareness"", ""creativity"", ""assertive_communication"", ""problem_solving"", ""teamwork"", ""focus""]",technology
"Chevron Corporation is a multinational energy corporation headquartered in San Ramon, California. It is one of the largest integrated energy companies globally, engaged in various aspects of the energy sector, including exploration, production, refining, and distribution of oil, natural gas, and related products. With operations spanning across numerous countries, Chevron is known for its significant presence in upstream and downstream activities within the energy industry. The company distinctive V-shaped logo, or ""chevron,"" is widely recognized, symbolizing its commitment to delivering energy solutions while focusing on environmental and social responsibilities",,,"[""Microsoft Office Suite"", ""Adobe Creative Suite"", ""SAP"", ""Oracle"", ""IBM"", ""Salesforce"", ""Google Workspace"", ""Microsoft Teams"", ""Zoom"", ""Slack"", ""Skype""]","[""remote"", ""in_house"", ""mixed""]","[""marketing_sales"", ""processes"", ""finance"", ""technology"", ""accounting""]","[""punctuality"", ""problem_solving"", ""assertive_communication"", ""teamwork"", ""leadership"", ""collaborations"", ""decision_making"", ""persuasion""]",electrical
"Termiexpress realiza servicios de acabados Litográficos y comercializa maquinaria e insumos para litografías, papelerías y centros de copiado.",,,,,,,agriculture
"LEAL es la única herramienta digital de gestión de clientes para establecimientos de comercio en Latinoamérica que, a través de un programa de lealtad, permite maximizar el retorno potencial de cada cliente. Leal ayuda a los comercios afiliados a crecer combinando la inteligencia de negocio (BI) y un CRM que facilita la comunicación con sus clientes.
Para los usuarios inscritos, LEAL provee un app y/o una tarjeta física con la que el usuario puede acumular puntos por sus compras de manera independiente por comercio y redimirlos por premios.
Para los comercios afiliados, LEAL brinda la tecnología necesaria para competir en una era digital. LEAL se integra con el POS (sistema de facturación) de los comercios afiliados para poder combinar los datos transaccionales con poderosos analíticos en línea. Así, brindándoles la oportunidad de conocer e interactuar con sus clientes en tiempo real.",,,,,,,information_technology_and_software
"The Home Depot is the world largest home improvement chain, with more than 2,300 
stores in the United States, Canada and Mexico. The company offers a wide selection 
of products and services for the home, including tools, building materials, garden supplies and appliances.",,,"[""POS"", ""SAP"", ""AWS"", ""SalesForce"", ""Oracle"", ""Tableau""]","[""remote"", ""in_house"", ""mixed""]","[""customer_service"", ""marketing_sales"", ""accounting""]","[""emotional_intelligence"", ""decision_making"", ""critical_thinking""]",commerce
"T-Mobile is an American telecommunications company headquartered 
in Bellevue, Washington. It is the fourth largest mobile phone 
operator in the United States, with a 20% market share. T-Mobile 
offers a variety of services, including wireless, wireless Internet, 
cable television, and online security services.",,,"[""Zoho CRM"", ""PRTG Network Monitor"", ""SAP Concur"", ""Freshdesk"", ""Palo Alto Networks"", ""ADP""]","[""remote"", ""in_house"", ""mixed""]","[""technology"", ""finance"", ""marketing_sales"", ""customer_service""]","[""leadership"", ""teamwork""]",telecommunications
"El Centro Colombo Americano hace parte de Manizales desde 1959. con el fin de que la juventud pudiera aprender el Inglés, acceder al intercambio cultural y educativo con los Estados Unidos y conectarse con el mundo; además es reconocido por la Embajada de los Estados Unidos como Centro Binacional Cultural y a partir de entonces se constituye en uno de los centros culturales con mayor actividad y proyección a la comunidad en la ciudad. Te invitamos a navegar nuestra Web y a acceder a información actualizada sobre cada una de nuestras actividades culturales, programas para el aprendizaje del Inglés y asesorías especializadas. ",,,,,,,health
"Somos una compañía multilatina regional, líder del retail en Suramérica. Con más de 2.600 almacenes tiene presencia en Colombia a través de Grupo Éxito; en Brasil con Grupo Pão de Açúcar; en Uruguay con Grupo Disco y Grupo Devoto y en Argentina con Libertad. Su sólido modelo omnicanal y su estrategia multiformato y multimarca lo convierten en el líder de los hipermercados con las marcas Éxito, Extra, Geant y Libertad; en supermercados premium con Carulla, Pão de Açúcar, Disco y Devoto; en proximidad con las marcas Carulla y Éxito express, Devoto y Libertad express y con Minuto Pão de Açúcar; en descuento, con Surtimax y Super Inter y en Cash and Carry con Assaí.

Grupo Éxito es el líder del comercio electrónico en Colombia con www.exito.com, www.carulla.com, cdiscount.com.co y segundo en Brasil con Cnova.com. En 2015 los Ingresos Operacionales consolidados totalizaron $33.4 billones de pesos provenientes de las ventas de retail y de su portafolio de negocios complementarios: tarjeta de crédito, viajes, seguros y el negocio inmobiliario con centros comerciales en Colombia, Brasil y Argentina.

Somos una compañía con claras ventajas competitivas derivadas de su fortaleza en el comercio físico y electrónico, en los negocios complementarios, en el valor de sus marcas y muy especialmente, en la calidad de su talento humano.",,,,,,,others
Iniciativa por los Jóvenes - Alianza del Pacífico,[],[],[],[],[],[],food_and_beverages
Clínica Odontológica Especializada.,,,,,,,health
"Penagos Hermanos es una compañía metalmecánica que busca incrementar la productividad y rentabilidad del empresario del agro, a través de soluciones integrales que se basan en la innovación constante, el trabajo en equipo y la pasión por la transformación del campo.",,,,,,,others
"Somos un grupo de empresarios ""líderes"", que gracias a la experiencia obtenida durante más de 20 años hemos logrado consolidarnos como una organización con proyección empresarial, solidez y capacidad financiera.

Contamos con un amplio portafolio de productos y servicios que se comercializan en línea y en tiempo real para satisfacer las necesidades de todos nuestros clientes.

Nuestra red tecnológica brinda una herramienta ágil, eficaz y funcional aún en las zonas rurales más complicadas y de difícil acceso de la topografía departamental lo que nos permite prestar el mejor de los servicios en todo el Departamento de Caldas.",,,,,,,health
"Visa is a global payments technology company that connects people, businesses, banks and governments around 
the world to make payments easier, safer and more efficient. The company operates a global payments network 
that processes more than 100 billion transactions annually, and offers a wide range of payment products and 
services, including credit, debit and prepaid cards, payment processing services and banking solutions. digital.",,,"[""Oracle"", ""IMB"", ""AWS"", ""SalesForce""]","[""remote"", ""in_house"", ""mixed""]","[""technology"", ""finance"", ""accounting"", ""marketing_sales""]","[""problem_solving"", ""decision_making"", ""teamwork"", ""collaboration"", ""leadership"", ""time_management""]",technology
"Bank of America is a financial institution that offers a wide range of products and services to individuals, 
businesses, and governments. It is the second largest bank in the United States by assets.",,,"[""Microsoft Office"", ""Salesforce"", ""Oracle""]","[""remote"", ""in_house"", ""mixed""]","[""finance"", ""economics"", ""accounting"", ""marketing_sales""]","[""teamwork"", ""leadership"", ""adaptability""]",financial
"Comfenalco Antioquia aporta a la construcción de una nueva Colombia, mejorando las condiciones de vida de miles de familias y brindando programas integrales de seguridad social. 

Para lograr sus objetivos y subsidiar parte de sus programas, además de la generación de recursos provenientes de la venta de los servicios y de los aportes empresariales, Comfenalco Antioquia establece convenios con entidades del orden regional, nacional e internacional, y de carácter público o privado, que le permiten impulsar programas en beneficio de las poblaciones más necesitadas, para que la salud, la educación, la recreación, la vivienda, la cultura y el bienestar económico sean privilegios de todos los antioqueños.",,,,,,,social_security
"Somos una empresa dedicada al diseño, producción y comercialización de artículos plásticos para la industria cosmética, aseo personal, farmacéutica y alimenticia; cumpliendo con las especificaciones técnicas, legales y contractuales, soportados en innovación, mejoramiento continuo, procesos eficientes y personal competente buscando siempre la satisfacción de nuestros clientes.",,,,,,,health
"ExxonMobil is a multinational energy corporation headquartered in the United States. It is one of the largest publicly traded oil and gas companies in the world. With a history dating back over a century, ExxonMobil engages in various aspects of the energy industry, including exploration, production, refining, distribution, and marketing of petroleum products and petrochemicals. The company is renowned for its significant presence in the global energy sector and its commitment to advancing technological innovation to address energy challenges. ExxonMobil operations span across numerous countries and play a pivotal role in shaping the global energy landscape",,,"[""Microsoft Office"", ""Adobe Creative Suite"", ""SAP"", ""Oracle"", ""Salesforce""]","[""remote"", ""in_house"", ""mixed""]","[""technology"", ""finance"", ""marketing_sales""]","[""assertive_communication"", ""problem_solving"", ""teamwork"", ""critical_thinking"", ""leadership""]",electrical
ok,,,,,,,health
"Meta is a concept embodying a desired outcome or objective. It serves as a guiding point, motivating individuals or groups towards achieving specific aspirations. Metas provide clarity and purpose, fostering focused efforts and strategic planning to overcome challenges. These targets can be short-term or long-term, and they often require dedication, perseverance, and adaptability. The pursuit of metas encourages growth, learning, and self-improvement, transforming aspirations into tangible accomplishments.",,,"[""Microsoft Office"", ""Google Suite"", ""Adobe Creative Suite"", ""Slack"", ""Jira"", ""Confluence"", ""Zoom"", ""Teams"", ""Trello"", ""Asana""]","[""remote"", ""in_house"", ""mixed""]","[""technology"", ""finance"", ""marketing_sales"", ""accounting""]","[""critical_thinking"", ""problem_solving"", ""creativity"", ""assertive_communication"", ""collaboration"", ""teamwork"", ""leadership""]",technology
Universidad EAN,,,,,,,health
"Somos una empresa de servicios, dedicada al desarrollo de proyectos de edificación e Infraestructura, para transformar el entorno físico generando progreso, en beneficio equilibrado de la comunidad, los accionistas, los clientes, empleados y proveedores.",,,,,,,construction
Descripcion corta de la empresa,,,,,,,health
"En NUTREO nos levantamos todos los días porque creemos que siempre hay una mejor forma de hacer las cosas. Porque tratamos de ser mejores cada día. Porque somos una conversación entre amigos. Porque a través de pequeñas cosas contribuimos al logro de grandes resultados. Porque trabajamos para mejorar el futuro de la nutrición. Trabajamos para nutrir bienestar. 

Fortificamos alimentos que hacen parte de programas de inversión social del sector público o de organizaciones no gubernamentales orientadas a construir una nación que se compromete con ciudadanos bien nutridos, lo que generará niños más sanos e inteligentes, y por consiguiente adultos más fuertes y productivos, en definitiva personas con una mayor aptitud y actitud frente a la vida.  

Desarrollamos formulaciones que elevan el valor nutricional de marcas nacionales e internacionales de alimentos, quienes buscan fortalecerse y dejar una huella positiva en la nutrición de sus consumidores. 

Diseñamos alimentos que cumplen funciones específicas para deportistas, empresarios, trabajadores, mujeres y adultos mayores. ",,,,,,,food_and_beverages
Proplas,,,,,,,health
Entidad sin ánimo de lucro que trabaja por lograr la primera generación de niños sin desnutrición crónica en Colombia para el año 2030. ,,,,,,,health
"Una academia de excelencia soportada en procesos administrativos eficientes para lograr la sostenibilidad, la integración, el liderazgo y el desarrollo institucional.

Por todo lo anterior el Plan de Desarrollo Institucional 2012–2016 busca la integración de la comunidad universitaria con el mundo, el liderazgo regional a través de una academia de excelencia y el desarrollo, y el mejoramiento de la calidad de vida de su comunidad y la sociedad en general.",,,,,,,education
Descripcion corta de la empresa,,,,,,,health
"Compañía Colombiana con mas de 90 años en el mercado.
Estamos posicionados a nivel nacional.
Contamos con un equipo humano conformado por más de 1000 colaboradores.
Pertenecemos al sector de consumo masivo, participando en categorías importantes de dicho sector.",,,,,,,agriculture
"Somos una compañía experta en soluciones de alimentación con presencia en Colombia, Chile y México y durante nuestros primeros años nos especializamos en aceites y grasas vegetales. Nuestro compromiso es llevar bienestar a clientes, consumidores, empleados y accionistas, y a través de la innovación gestionamos nuestros procesos para lograrlo. En Team sabemos que antes de tener proveedores, clientes y consumidores está la búsqueda constante de personas que, como nosotros, apuesten por el bienestar del ser humano. Por eso trabajamos para poner en las industrias, panaderías, restaurantes y hogares de los países a donde llegamos, soluciones de calidad, confiables y con un alto componente de nutrición responsable. En Team alimentamos un mejor mañana.",[],[],"[""Intranet"", ""página web"", ""redes sociales"", ""herramientas de PMO""]","[""in_house"", ""virtual"", ""mixed""]",[],[],agriculture
Empresa dedicada a la producción y distribución de artículos de cuero. Fundada en 1986 ,,,,,,,textile_and_clothing
"Trabajamos por los intereses del comercio y los servicios del departamento dentro de un criterio de bienestar y progreso para el país. Orientamos, promovemos, creamos valor a las empresas.",,,,,,,associations_and_cooperatives
"Hoy en día contamos con una plataforma de tecnologías cuya sinergia nos permite llegar a 18 sectores industriales a través de colorantes, preparaciones pigmentarias, auxiliares químicos, aditivos para alimentos y resinas. Nuestros productos son fabricados y comercializados utilizando una infraestructura compuesta por cinco plantas de producción, seis laboratorios y cinco bodegas de almacenamiento para apoyar operacionalmente la satisfacción de requerimientos y exigencias de nuestros clientes.",,,,,,,chemical
"Suproductor es una Agencia BTL y Productora de Eventos con un modelo innovador que da como valor agregado mas calidad, menor costo, con procesos mas rápidos, prácticos y amigables, el cual se rige por ser un modelo transparente para todos.",,,,,,,commerce
1DOC3. Plataforma de e-health diseñada para ofrecer respuestas a consultas de salud.,[],[],[],[],[],[],health
"A problem isn't truly solved until it's solved for all. Googlers build products that help create opportunities for everyone, whether down the street or across the globe. Bring your insight, imagination and a healthy disregard for the impossible. Bring everything that makes you unique. Together, we can build for everyone. Check out our career opportunities at careers.google.com. ",,,"[""Google workspace"", ""python"", ""c"", ""Google keep"", ""Google Sites""]","[""remote"", ""in_house"", ""mixed""]","[""technology"", ""education"", ""management_leadership""]","[""critical_thinking"", ""problem_solving"", ""creativity"", ""assertive_communication"", ""teamwork"", ""leadership"", ""emotional_intelligence"", ""flexibility""]",technology
Nos dedicamos a producir los más ricos productos para deleitar con calidad y confianza a toda la familia en Colombia y América Latina.,,,,,,,food_and_beverages
"We’re a cloud technology company that provides organizations around the world with computing infrastructure and software to help them innovate, unlock efficiencies and become more effective. We also created the world’s first – and only – autonomous database to help organize and secure our customers’ data. Oracle Cloud Infrastructure offers higher performance, security, and cost savings. It is designed so businesses can move workloads easily from on-premises systems to the cloud, and between cloud and on-premises and other clouds. 

Oracle es la primera compañía de software que desarrolla e implementa software para empresas 100 por ciento activado por Internet a través de toda su línea de productos: base de datos, aplicaciones comerciales y herramientas de desarrollo de aplicaciones y soporte de decisiones.",,,"[""Oracle Cloud"", ""Microsoft Azure"", ""Amazon Web Services"", ""Google Cloud Platform"", ""Tour"", ""Confluence"", ""Slack"", ""Zoom"", ""Google Workspace""]","[""remote"", ""in_house"", ""mixed""]","[""technology"", ""work_methods"", ""management_leadership""]","[""assertive_communication"", ""problem_solving"", ""teamwork"", ""critical_thinking"", ""creativity"", ""adaptability""]",technology
Descripcion corta de la empresa,,,,,,,health
"Industrias Haceb S.A es la empresa líder de electrodomésticos en Colombia, con más de siete décadas en el mercado, ofrece bienestar a las familias latinoamericanas, transformando los productos en soluciones innovadoras, con alta tecnología, diseño y cuidado del ambiente. 
Somos personas felices y líderes apasionados, que buscamos enamorar a nuestros clientes, comprometernos con nuestros grupos de interés y ser una de las marcas preferidas en la región andina. ",,,,,,,health
"Creemos firmemente en nuestra misión, en servirles a nuestros clientes brindándoles siempre la más alta calidad.",,,,,,,health
"AbbVie is a global biopharmaceutical company that discovers, develops and markets innovative medicines 
to treat some of the most challenging diseases in human health. The company has a strong commitment to 
research and development, and has a strong product portfolio in the areas of immunology, oncology, 
neuroscience and virology.",,,"[""Microsoft Office"", ""Google Workspace"", ""Salesforce"", ""SAP"", ""Oracle""]","[""remote"", ""in_house"", ""mixed""]","[""education"", ""customer_service""]","[""problem_solving"", ""critical_thinking"", ""teamwork"", ""leadership""]",health
"Mastercard is a multinational payment technology company headquartered in Purchase, New York. 
The company operates a payment processing network that connects financial institutions, 
merchants and consumers in more than 210 countries and territories. Mastercard also offers 
a variety of payment-related products and services, including credit, debit and prepaid cards, 
as well as business payment processing solutions.",,,"[""Adobe Creative Cloud"", ""SAP"", ""AWS"", ""SalesForce"", ""Oracle""]","[""remote"", ""in_house"", ""mixed""]","[""accounting"", ""finance""]","[""decision_making"", ""assertive_communication"", ""problem_solving"", ""teamwork"", ""leadership""]",financial
"Organización social focalizada, sostenible, competitiva, flexible y dinámica, dedicada a la provisión de bienes y servicios para el bienestar de la familia y la sociedad. Cuenta con 5 grandes servicios: Educación, Tiempo Libre, Salud, Servicios Financieros y Vivienda.",[],"[""be_open_change"", ""creative_collaborative_environments"", ""respect_beliefs_and_tastes"", ""allow_make_career_plan"", ""promote_integrated_leaders""]","[""Office 365"", ""Adobe"", ""Skype empresarial"", ""aplicativos para la gestión de proyectos.""]","[""in_house"", ""mixed""]",[],"[""teamwork"", ""leadership"", ""communication"", ""flexibility"", ""sociable""]",services
"Metlife compañía enfocada en acompañar al cliente en sus diferentes etapas de vida, entregando gran valor para las personas que servimos. 
Metlife construyendo la vida juntos!",,"[""discipline"", ""customer_orientation"", ""allow_make_career_plan""]","[""Teams""]","[""remote"", ""in_house"", ""mixed""]","[""marketing_sales"", ""finance"", ""customer_service""]","[""cultural_awareness"", ""assertive_communication"", ""focus""]",health
Alico es una compañia dedicada a la fabricacion de empaques especializados.   Contamos con un amplio numero de productos para brindar solucion a sus necesidades.   Lo invitamos a verlos en nuestra pagina web.,,,,,,,plastics
"En el negocio del cemento, Argos es líder en Colombia, quinto productor más grande en América Latina y segundo más grande en el sureste de Estados Unidos. Cuenta con nueve plantas en Colombia, tres en Estados Unidos y una en Honduras; diez moliendas de clínker ubicadas en Colombia, Estados Unidos, Haití, Panamá, República Dominicana, Honduras, la Guayana Francesa y Surinam; y veinticuatro puertos y terminales de recepción y empaque. La capacidad instalada total es de 21 millones de toneladas de cemento al año.",[],[],[],[],[],[],construction
"En 1999 nacimos con la convicción de empoderar a la mujer, aportar a su crecimiento y hacer sus sueños realidad. Hemos convertido la moda en la mejor oportunidad de crecimiento personal, económico y profesional de las mujeres en todo el país, que encontraron en el Catálogo de MP la posibilidad de tener su propio negocio. En 2015 fuimos reconocidos por Great Place to Work como una de las mejores empresas para trabajar en Colombia",,,,,,,commerce
serr,,,,,,,health
Incolmotos Yamaha es una empresa creada en la década de los años 70. Se dedica a la producción y comercialización de motocicletas de la marca japonesa Yamaha. También importa y distribuye los productos musicales de esta marca. ,,,,,,,automotive
"Avinal es una empresa comprometida con la salud de sus clientes, garantizando en sus productos, calidad e inocuidad. Ejecutando sus actividades diarias a través de la innovación e implementación de conocimiento. 
Es una empresa productora y comercializadora de huevos en cáscara, ovoproductos y abonos orgánicos.",,,,,,,agriculture
"Prestar servicios de gestión integral de residuos peligrosos y de manejo especial, cumpliendo los requisitos de nuestros clientes con referencia a la conformidad y cumplimiento, ajustándonos a la normatividad de nuestros usuarios y a la legislación ambiental aplicable, mejorando las condiciones del impacto del transporte y manipulación de los residuos, para prevenir derrames, vertimientos y emisiones contaminantes, protegiendo así los componentes suelo, agua y aire. Garantizar la participación de personal competente e implementar todos los elementos de seguridad industrial y salud ocupacional para prevenir y controlar los riesgos desde la fuente, el medio y las personas. Buscar el desarrollo responsable de la organización con proveedores cuidadosamente seleccionados que contribuyan a mantener costos competitivos en el mercado. Todo enfocado al mejoramiento continuo de nuestros procesos y del sistema integrado de gestión.",[],[],[],[],[],[],environment
"Somos una empresa tecnológica global y no tradicional con 13
años de experiencia brindando soluciones digitales que abordan
desafíos comerciales de misión crítica con un enfoque centrado
en el ser humano y lo acompañamos a través del proceso de
transformación digital.",,,,,,,information_technology_and_software
"M.F.I.S. S.A.S. con sus microfranquicias le ofrece a personas en situación vulnerable la posibilidad de establecer su propio negocio de una forma asequible y simplificada logrando mitigar el riesgo de la independencia laboral y aumentando significativamente los ingresos de las personas que logren el éxito de su punto de venta. Mediante el esquema de franquicia, los microempresarios tienen acceso a modelos de negocios probados y prácticos y reciben todo el acompañamiento y las herramientas necesarias para facilitar la administración exitosa de su negocio.",,,,,,,commerce
Alkosto,,,,,,,health
Descripcion corta de la empresa,,,,,,,health
"Creamos tecnología para #maestrosqueinspiran, nuestro producto principal es TOMi 7 la computadora y asistente personal del maestro, entre las funciones de TOMi 7 están: llamado a lista, calificación de  pruebas, realidad aumentada, posibilidad de convertir una superficie de proyección en una pizarra digital, y otras funciones que pueden sincronizarse con nuestra plataforma educativa de activación free o premium.",,,,,,,information_technology_and_software
"Delta Air Lines is an American airline headquartered in Atlanta, Georgia. 
It is the largest airline in the United States in terms of revenue, passengers 
carried and routes operated. Delta offers flights to more than 300 destinations in 60 countries.",,,"[""SAP"", ""Oracle"", ""IBM"", ""Microsoft Office"", ""Salesforce"", ""Adobe""]","[""remote"", ""in_house"", ""mixed""]","[""accounting"", ""finance"", ""marketing_sales"", ""technology""]","[""assertive_communication"", ""teamwork"", ""problem_solving"", ""leadership"", ""creativity"", ""innovation""]",others
"Place to Pay es una pasarela de pagos electrónicos con más de quince años en el mercado, que permite a establecimientos de comercio recibir sus pagos través de internet y otros canales no presenciales como aplicaciones móviles y sistemas de audiorespuesta.

Es importante entender que nuestros ingresos provienen de cobrar una comisión por cada transacción realizada por nuestros clientes (comercios que venden online), así las cosas, debemos aportar con soluciones que los ayuden a vender más y de ese modo nuestras ventas también crecerán.",,,,,,,health
Empresa de la Organización Corona que se encarga de la logística nacional e internacional para las empresas del grupo y otras.,,,,,,,transport_and_storage
"Somos una compañía que nació hace 38 años en la ciudad de Medellín, Colombia. Desde entonces producimos y comercializamos una completa línea de productos textiles para el hogar. Todos nuestros productos son diseñados y desarrollados bajo conceptos de moda e innovación, brindando la posibilidad de crear todo un ambiente que se adapte a diferentes segmentos y estilos de vida.",,,,,,,textile_and_clothing
Descripcion corta de la empresa,,,,,,,health
"La palabra CARALZ proviene de los apellidos de dos Ingenieros que su unen para promover un proyecto que surge a raíz del cierre de la planta de producción de una importante empresa química donde uno de ellos trabajaba en el área de Pinturas Automotrices.

Aunque CARALZ S.A.S. como sociedad fue constituida el 25 de julio del año 2000, podríamos decir que su fundación se remonta a comienzos de septiembre de 1999, cuando arranca la fase pre-operativa de la Empresa.",,,,,,,others
"La Fundación Red Colombiana de Semilleros de Investigación es una organización sin ánimo de lucro articulada con la educación básica, secundaria y terciaria, líder en la consolidación de una cultura investigativa fundamentada en la formación y el trabajo en red de semilleros de investigación, mediados por escenarios de socialización, gestión y apropiación social del conocimiento.",[],[],[],[],[],[],education
"La Agencia para la Gestión del Paisaje, el Patrimonio y las Alianzas Público-Privadas, tendrá por objeto gestionar y promover las acciones que garanticen la cualificación, sostenibilidad y mantenimiento del Sistema Público y Colectivo definido en el Plan de Ordenamiento Territorial, enfocándose al espacio público de esparcimiento y encuentro, paisaje, patrimonio, los equipamientos y demás bienes fiscales que hagan parte de los correspondientes proyectos; realizar la gestión requerida para promover la generación o incremento de recursos a través de la implementación y gestión de los instrumentos financieros definidos en el POT y fomentar la incorporación de capitales privados a proyectos de inversión de beneficio público.",,,,,,,public
Descripción...,,,,,,,automotive
WebSaas,,,,,,,health
Descripción...,,,,,,,others
Handy Pure,,,,,,,health
"Ofrecemos soluciones de transporte enfocados a mejorar la calidad de vida de nuestros clientes, creando un crecimiento sostenible para nuestros empleados, proveedores y accionistas.",,,,,,,automotive
Plataforma que impulsa la Innovación Abierta y abre las necesidades de las compañías al mundo. Singles´s te da velocidad para innovar y resolver retos empresariales.,,,,,,,health
"Administrar las áreas del Sistema de Parques Nacionales Naturales de Colombia y coordinar el Sistema Nacional de Areas Protegidas, con el propósito de conservar in situ la diversidad biológica y ecosistémica representativa del país, proveer y mantener bienes y servicios ambientales, proteger el patrimonio cultural y el hábitat natural donde se desarrollan las culturas tradicionales como parte del Patrimonio Nacional y aportar al desarrollo humano sostenible, bajo los principios de transparencia, solidaridad, equidad, participación y respeto a la diversidad cultural.",,,,,,,health
"Somos una compañía dedicada al diseño, producción y comercialización de propuestas completas de vestuario y accesorios para bebés, niños y niñas. Creamos, innovamos y sorprendemos con todo lo que hacemos.

Brindamos experiencias de placer y seducción, nos dejamos llevar por las emociones y nos encanta construir relaciones.

Incentivamos todos lo logros creativos, desde el más sofisticado al más pequeño, contagiamos la gente de nuevos proyectos, y ayudamos a las personas a expresarse

Somos impulsivos y espontáneos, vivimos el momento… entregamos JUEGO, RISA Y DIVERSIÓN","[1, 2, 3, 4, 7, 9, 13, 15, 18]","[""creative_collaborative_environments"", ""be_open_change"", ""promote_integrated_leaders""]",[],"[""in_house"", ""virtual"", ""mixed""]",[],[],textile_and_clothing
Allus Global BPO Center,,,,,,,others
"Transportadora de Metano E.S.P. S.A. - TRANSMETANO -es una empresa de servicio público

de transporte de gas natural, que ejerce la propiedad y operación del gasoducto Sebastopol -

Medellín, con 190 kilómetros de redes de tubería en el departamento de Antioquia.

La infraestructura de transporte del gasoducto Sebastopol - Medellín cubre las regiones del

Magdalena Medio, Nordeste y Oriente de Antioquia, y el norte del Área Metropolitana del

Valle de Aburrá, para atender a las empresas de distribución de gas natural de la región,

algunos clientes industriales conectados a la red de transporte y una empresa de

comercialización de GNV.",,,,,,,others
"Si arribó a tierras colombianas, no lo piense dos veces y péguese la rodadita hasta Chía, la Ciudad de la Luna. En este universo laberítico se reúne toda la cultura y sabrosura de nuestro país. Entrar a este Paraíso Pagano abrirá sus ojos y su mente a un mundo de posibilidades donde el goce y la algarabía son el único fin inmediato. Dele gusto a su paladar y a su mirada, porque por aquí se cocina y se alimenta lo mejor de lo mejor de la tierrita.",,,,,,,food_and_beverages
"FedEx Corporation is a transportation and logistics company headquartered in Memphis, Tennessee. 
It was founded in 1971 by Frederick W. Smith and is one of the largest logistics companies in the world. 
FedEx offers a wide range of services, including air freight, ground freight, ocean freight, express delivery, 
and warehousing services.",,,"[""FedEx Ship Manager"", ""Manhattan Associates"", ""Route4Me"", ""Fishbowl""]","[""remote"", ""in_house"", ""mixed""]","[""processes"", ""customer_service"", ""technology""]","[""assertive_communication"", ""teamwork"", ""problem_solving"", ""punctuality"", ""leadership""]",transport_and_storage
"Somos un negocio enfocado en entregar a sus clientes un producto de alta calidad a un precio justo. La frescura, tamaño y rapidez son características fundamentales de nuestro servicio",,,,,,,food_and_beverages
"Bristol-Myers Squibb is a global biopharmaceutical company engaged in the research, development, 
manufacturing and commercialization of innovative medicines for the treatment of serious diseases. 
The company is headquartered in New York, USA, with operations around the world.",,,"[""SAP"", ""Oracle"", ""IBM"", ""Tableau"", ""SAS"", ""SPSS""]","[""remote"", ""in_house"", ""mixed""]","[""management_leadership"", ""education""]","[""teamwork"", ""assertive_communication"", ""problem_solving"", ""leadership"", ""creativity"", ""flexibility"", ""adaptability""]",health
"Colgate-Palmolive is a multinational consumer products company, headquartered in New York, United States. 
It is the world largest oral care products company, and also manufactures and sells other personal care, 
household cleaning and pet food products. Colgate-Palmolive operates in more than 200 countries and territories.",,,"[""Webex"", ""SharePoint"", ""Microsoft Dynamics"", ""HubSpot"", ""Jira""]","[""remote"", ""in_house"", ""mixed""]","[""processes"", ""technology"", ""marketing_sales"", ""management_leadership"", ""customer_service""]","[""problem_solving"", ""leadership"", ""creativity"", ""flexibility"", ""adaptability"", ""teamwork"", ""assertive_communication""]",commerce
"Honeywell is a technology and manufacturing company that offers a wide range of products and services 
for the industrial, commercial and consumer markets. The company has more than 100 years of experience 
and operates in more than 100 countries.",,,"[""Adobe"", ""Autodesk"", ""SolidWorks"", ""MATLAB"", ""Simulink"", ""LabVIEW""]","[""remote"", ""in_house"", ""mixed""]","[""processes"", ""finance"", ""work_methods"", ""marketing_sales""]","[""critical_thinking"", ""time_management"", ""leadership"", ""emotional_intelligence""]",technology
"TransferHelper is a Taiwanese start-up company, providing both interbank and international money transfer services by using instant messaging platforms.

With the advantages of AI chatbots, TransferHelper enables to provide quick assistance, effective management and fast notification to connect the customers from different countries around the world.

Combining P2P money transfer with chatbots, customers not only get benefits from lower transfer fees, but also have the advantge to have an efficient channel to connect peer-to-peer network transactions.",,,,,,,information_technology_and_software
Buencafé Liofilizado de Colombia.,,,,,,,food_and_beverages
Descripción...,[],[],[],[],[],[],automotive
"La Oficina de la Bici - Manizales formula, gestiona e implementa acciones y recursos, en articulación con actores sociales e institucionales de la ciudad de Manizales, para convertir la bicicleta en un medio de transporte sostenible y en una herramienta de transformación social.
",,,,,,,transport_and_storage
"UnitedHealth Group is a diversified health care and wellness company dedicated to helping people 
live healthier lives. The company is headquartered in Minnetonka, Minnesota, and employs more than 
300,000 people worldwide.",,,"[""SalesForce"", ""SAP"", ""AWS""]","[""remote"", ""in_house"", ""mixed""]","[""accounting"", ""technology"", ""marketing_sales""]","[""Problem resolution"", ""teamwork"", ""Innovation"", ""Assertive comunication""]",health
"Walmart is an American supermarket chain that operates in more than 24 countries. 
It is the world largest retail company by revenue and the world second largest private 
company. Walmart offers a wide variety of products, including groceries, cleaning supplies, clothing, 
electronics, and more.",,,"[""POS"", ""Salesforce"", ""SAP""]","[""remote"", ""in_house"", ""mixed""]","[""finance"", ""processes"", ""marketing_sales""]","[""assertive_communication"", ""teamwork"", ""leadership"", ""problem_solving""]",commerce
"Mattelsa es una comercializadora y productora de ropa fundada en 2006 en Medellín- Colombia. Se especializa en ""Forward fashion street clothing"" ofreciendo marcas y líneas de productos para hombre y mujer. Actualmente cuenta con 50 tiendas a nivel nacional y una internacional, empleando a 1.170 personas, 540 directas y 630 indirectamente.",,,,,,,textile_and_clothing
"Empresa dedicada a la producción y comercialización de prendas de vestir, calzado y elementos de seguridad industrial. Ajustamos nuestra propuesta  a la necesidad de las empresas y sus equipos de trabajo, buscando diseño, comodidad e identidad en la labor.",,,,,,,agriculture
"Mejoramos el hábitat de millones de Latinoamericanos en 15 países, con los Colores de Pintuco, la Química de Andercol, la Ingeniería de Otek y el comercio de Mundial.  ",,,,,,,agriculture
"""En Auteco no ensamblamos motos, creamos máquinas para soñar"".
Auteco es la empresa líder en Colombia en ensamble de motos y motocarros. 
Nuestra misión consiste en servir con entusiasmo, excelencia y dinamismo, las necesidades y expectativas de nuestros clientes internos y externos, mejorando continuamente la tecnología y la calidad de nuestros productos y servicios en las áreas de fabricación y comercialización, de manera que respondan a las necesidades de transporte, recreación, diversión, equipos de trabajo, energía y suministros para terceros, y en las demás actividades a las cuales se diversifique.

Lo anterior, mediante la participación decidida y comprometida en la aventura empresarial y en el desarrollo de los mercados nacionales e internacionales por parte de nuestros trabajadores, accionistas, distribuidores y proveedores, con productos y servicios de alta calidad, competitivos y rentables. Todo ello dentro de una cultura profundamente humana, con valores, principios, actitudes y prácticas que satisfagan las necesidades de nuestros clientes y de nuestra gente y que permitan a esta su felicidad y su realización integral en sus dimensiones espirituales, intelectuales, emocionales y materiales, buscando contribuir, sin detrimento del medio ambiente, al progreso económico y social y al mejoramiento de la calidad de vida de la comunidad.",[],"[""challenge_work_team"", ""be_open_change"", ""ensure_harmonious_work_climates"", ""offer_nice_workspaces"", ""promote_integrated_leaders""]","[""Office 365"", ""getAbstrac"", ""Todo"", ""Skype""]","[""in_house"", ""mixed"", ""virtual""]","[""marketing_sales"", ""management_leadership"", ""processes""]","[""communication"", ""teamwork"", ""leadership"", ""critical_thinking"", ""ease_adaptation""]",agriculture
"Reune es un espacio de articulacion e interaccion entre las Instituciones de Educacion Superior, que mediante la sinergia de las funciones sustantivas universitarias, desarrolla y fortalece herramientas, modelos y capacidades en innovacion y emprendimiento para generar propuestas de cambio en el tejido social, academico y empresarial.",,,,,,,education
"PayPal is an online payment platform that allows users to send, receive, and store money. 
It also offers a variety of other financial services, such as loans and credit cards.",,,"[""Confluence"", ""SAP"", ""Adobe"", ""AWS""]","[""remote"", ""in_house"", ""mixed""]","[""finance"", ""marketing_sales"", ""accounting""]","[""teamwork"", ""innovation"", ""assertive_comunication""]",financial
ttt,,,,,,,health
"Somos el centro de innovación y negocios de Medellín. Trabajamos para mejorar la calidad de vida de las personas a través de la innovación.

Innovación, Innovation, Ciencia, Tecnología, Technology, and Science",,"[""quality"", ""collaboration"", ""use_technology"", ""dynamic_change"", ""creative_collaborative_environments""]","[""G-Suite"", ""Office 365"", ""Google Calendar"", ""Google Drive""]","[""mixed""]","[""marketing_sales"", ""economy"", ""accounting"", ""finance"", ""management_leadership"", ""technology"", ""education"", ""processes"", ""work_methods"", ""customer_service""]","[""ease_adaptation"", ""fast_learning"", ""communication"", ""time_management"", ""teamwork""]",education
"Somos una empresa que fabrica y comercializa productos en plástico para proteger de la lluvia, la intemperie, la suciedad y los fluidos en general. Innovamos ofreciendo a nuestros clientes soluciones prácticas y confiables.

Buscamos el crecimiento sostenible generando relaciones duraderas con nuestros proveedores y clientes, basados en el bienestar del equipo de trabajo, la responsabilidad social y el cuidado del medio ambiente.",,,,,,,plastics
Universidad creada como empresa,[],[],[],[],[],[],education
Banco Falabella,,"[""collaboration"", ""use_technology"", ""dynamic_change"", ""be_open_change"", ""promote_integrated_leaders""]","[""Office 365"", ""Workplace"", ""Teams""]","[""in_house"", ""virtual"", ""mixed""]","[""technology""]","[""ease_adaptation"", ""collaboration"", ""leadership"", ""problem_solving"", ""decision_making""]",financial
"Colcafe parte de Grupo Nutresa.
Producción y comercialización de café procesado.
Tostado y Molido e instantáneos.",,,,,,,health
Centro de Distibuion Grupo uribe,,,,,,,textile_and_clothing
"PROADVISORS SAS es una firma de profesionales en Contaduría, Auditoria y ramas afines a la administración, economía y finanzas. Estamos comprometidos en prestar servicios con calidad que permitan garantizar transparencia y confianza en la ejecución de nuestros proyectos, de tal forma nuestros clientes logren la mejor toma de decisiones.",,,,,,,others
"Danaher is a global science and technology company that designs, manufactures, 
and markets products and services for laboratory, medical, and industrial customers. 
The company has more than 60,000 employees worldwide and operates in more than 60 countries.",,,"[""ERP"", ""SCADA"", ""PLCs"", ""SolidWorks"", ""Jira""]","[""remote"", ""in_house"", ""mixed""]","[""technology"", ""work_methods"", ""marketing_sales""]","[""teamwork"", ""critical_thinking"", ""work_ethic"", ""patience""]",health
Fundación Sura,,,,,,,health
"Somos un equipo de personas altamente competitivas y dinámicas que dedicamos nuestro talento a lograr nuestro propósito de crear soluciones que promueven la salud, entregado bienestar a las personas dentro y fuera del hogar, haciendo su vida y espacios más saludables, desarrollando productos específicos en higiene y nutrición, para los mercados que atendemos.",,,,,,,health
"Anthem Blue Cross and Blue Shield is a comprehensive health company that provides a full 
range of health care services, including insurance, preventive care, and acute care services. 
The company has a strong history of serving its members and is committed to providing high-quality 
healthcare at an affordable price.",,,"[""Computers"", ""Health Management Software"", ""Electronic Health Record Systems"", ""Medical Equipment""]","[""remote"", ""in_house"", ""mixed""]","[""finance"", ""technology"", ""education""]","[""assertive_communication"", ""teamwork"", ""problem_solving"", ""critical_thinking"", ""leadership"", ""collaboration""]",health
Unidad de Creacion de Empresas de la Universidad de la Costa CUC,,,,,,,education
Conectar negocios de Latinoamerica con Europa,,,,,,,health
"Adobe is a United States-based multinational software company. It specializes in the development 
of software for the creation, management and publication of digital content. Adobe products include Photoshop, 
Illustrator, InDesign, Acrobat, After Effects, Premiere Pro, and Dreamweaver.",,,"[""Photoshop"", ""Illustrator"", ""InDesign"", ""Acrobat"", ""After Effects"", ""Premiere Pro"", ""Dreamweaver""]","[""remote"", ""in_house"", ""mixed""]","[""technology"", ""customer_service""]","[""creativity"", ""assertive_communication"", ""problem_solving"", ""teamwork"", ""motivation""]",technology
El Laboratorio del Cafe,,,,,,,food_and_beverages
"eBay is an online marketplace where people can buy and sell a wide variety of products. 
The company was founded in 1995 and is headquartered in San Jose, California.",,,"[""Google Suite"", ""Salesforce"", ""Amazon Web Services"", ""Adobe Creative Cloud""]","[""remote"", ""in_house"", ""mixed""]","[""technology"", ""accounting"", ""marketing_sales"", ""finance"", ""processes""]","[""flexibility"", ""adaptability"", ""problem_solving"", ""creativity"", ""leadership""]",others
"Alphabet Inc., founded in 2015, is a multinational conglomerate focused on technology and innovation. Its the parent company of Google and several other subsidiaries. With a mission to organize the world information and make it universally accessible, Alphabet is a leader in internet-related services, including search, online advertising, cloud computing, and software development. The companys diversified interests span from autonomous vehicles (Waymo) to life sciences (Verily). Through its innovative ventures and commitment to shaping the future of technology, Alphabet continues to influence and impact various industries on a global scale",,,"[""Google Meet"", ""Google Hangouts"", ""Google Chat"", ""Google Cloud Platform"", ""Android Studio"", ""Google Search Console"", ""Google Analytics"", ""Google Ads"", ""Google AdSense"", ""Google Cloud Storage"", ""Firebase"", ""YouTube Studio"", ""Waymo self-driving technology"", ""Verily life sciences tools""]","[""remote"", ""in_house"", ""mixed""]","[""finance"", ""accounting"", ""marketing_sales""]","[""critical_thinking"", ""problem_solving"", ""creativity"", ""assertive_communication"", ""collaboration"", ""teamwork"", ""leadership"", ""organization"", ""flexibility"", ""adaptability""]",technology
"Somos una compañía comprometida con la salud, protección, cuidado y bienestar de la piel",,,,,,,pharmaceutical
"La Secretaría de la Juventud es una dependencia del nivel central que tendrá como responsabilidad: Contribuir al desarrollo humano integral de la juventud a través de procesos de conocimiento, información, formación, creación y participación, que reconozcan las diferencias, potencien condiciones y briden herramientas que les permitan ser agentes de cambio y garantes de vida.",,,,,,,public
"Tesla, Inc. is an innovative American electric vehicle and clean energy company founded by Elon Musk. 
Renowned for its cutting-edge electric cars, including the Model S, Model 3, Model X, and Model Y, 
Tesla has revolutionized the automotive industry. The companys focus extends beyond vehicles, encompassing 
solar energy solutions and energy storage through products like the Powerwall and Powerpack. 
Tesla commitment to sustainable technology and its continuous drive for advancements in electric mobility 
have positioned it as a leader in the global push towards a greener future",,,"[""Catia"", ""NX"", ""SIMULIA Abaqus"", ""ANSYS"", ""JIRA"", ""Confluence"", ""Jenkins"", ""Tableau""]","[""remote"", ""in_house"", ""mixed""]","[""processes"", ""marketing_sales"", ""technology""]","[""creativity"", ""collaboration"", ""teamwork"", ""leadership"", ""adaptability""]",automotive
"Cisco permite a las personas crear conexiones poderosas, ya sea en negocios, educación, filantropía o creatividad. El hardware, software y los servicios que Cisco ofrece se utilizan para crear las soluciones de Internet que hacen posible las redes-que facilita el acceso a la información en cualquier lugar, en cualquier momento. Cisco fue fundado en 1984, por un grupo de especialistas en cómputo de la Universidad de Stanford. Desde sus inicios los ingenieros de Cisco han sido líderes en el desarrollo de las tecnologías de redes de Protocolo IP. Hoy, con más de 65,225 empleados alrededor del mundo Hoy, con más de 65.225 empleados en todo el mundo, esta tradición de innovación continua con productos líderes en la industria y soluciones en las áreas centrales de la compañía de desarrollo de routing y switching, así como en tecnologías avanzadas tales como redes para el hogar, telefonía IP, redes ópticas, seguridad , la creación de redes de área de almacenamiento, y la tecnología inalámbrica. Además de sus productos, Cisco brinda una amplia gama de servicios, incluyendo servicio técnico y servicios avanzados. Cisco vende sus productos y servicios, tanto de manera directa como a través de sus socios de canal, a grandes empresas, empresas comerciales, proveedores de servicios y consumidores.",,,"[""Cisco Network Assistant"", ""Cisco Networking Academy"", ""Cisco Packet Tracer"", ""Cisco IOS"", ""Cisco Nexus"", ""Cisco UCS Manager"", ""Cisco Unified Communications Manager"", ""Cisco WebEx""]","[""remote"", ""in_house"", ""mixed""]","[""technology"", ""management_leadership""]","[""assertive_communication"", ""teamwork"", ""problem_solving"", ""critical_thinking""]",technology
"Allianz es uno de los aseguradores más grandes del mundo, atendiendo más de 85 millones de clientes, todo gracias al esfuerzo que desde 1890 seguimos poniendo día a día por entregarle la tranquilidad a cada uno de los que nos ponen su confianza en nosotros.

En Allianz Colombia seguiremos comprometidos con asegurar el futuro de cada colombiano, ofreciéndole soluciones que se ajusten a todas sus necesidades.",,,,,,,financial
"Verizon is a leading telecommunications company that offers wireless, 
Internet, television and business services. The company has more than 100,000 
employees around the world and is committed to providing its customers 
with the best possible experience.",,,"[""Jenkins"", ""Webex Teams"", ""SolarWinds Network Performance Monitor"", ""Palo Alto Networks""]","[""remote"", ""in_house"", ""mixed""]","[""technology"", ""finance"", ""marketing_sales"", ""customer_service""]","[""leadership"", ""teamwork"", ""innovation""]",telecommunications
Descripcion...,,,,,,,health
"Somos líderes en la distribución y comercialización de combustibles líquidos, gas natural vehicular y fabricación de diferentes tipos de lubricantes.
Distribuimos combustible al mercado de marinos, aviación e industria. Además, ponemos a disposición de nuestros usuarios una amplia red de tiendas altoque y estaciones de servicio Terpel.",,,,,,,mining_and_petroleum
"Ohnana Tents makes heat-reflective tent which keep the inside of the tent up to 13 degrees cooler then regular tents, it's perfect for summer camping.",,,,,,,health
ok,,,,,,,construction
"Suministros de Colombia, Sumicol S.A, es una de las empresas del Grupo Corona. Fue fundada en 1960 para suministrar minerales industriales y otros productos para la cerámica y otros sectores industriales, así como para desarrollar y fabricar productos para la industria de la construcción.",,,,,,,construction
"Somos una organización privada, gremial, con ordenamiento legal, dedicada a la prestación de los servicios que requieren los empresarios, mediante de un grupo humano calificado y los mejores recursos tecnológicos. Trabajamos con base en la ética y la eficiencia, el respeto por el otro, sentido de responsabilidad y compromiso con la comunidad empresarial.",,,,,,,commerce
"Los recuerdos y experiencias se convierten en magia inspiradora.
Cada ingrediente es cuidadosamente seleccionado y mezclado para llegar al alma y hacer chispa en la boca.
La creatividad es un ingrediente esencial.
Se trabaja hasta el último detalle y cada cosa tiene un toque especial.
Predominan los olores a canela, chocolate y café.
Se comparte el amor por las cosas ricas y bien hechas.
Un lugar donde, sin ir más lejos, nuestros sueños se hacen realidad!",,,,,,,food_and_beverages
Flores El Trigal,,,,,,,others
"La razón de ser de Línea Directa S.A.S,  es la moda que apasiona y el amor que transforma. La Compañía está enfocada en el diseño y producción de ropa interior-exterior para hombre y mujer. Comercializa todos los productos a través del canal de la venta directa. Nuestras marcas son: Carmel, Pacifika y Loguin. ",,,,,,,textile_and_clothing
Descripción...,,,,,,,education
"Empresa de transporte público masivo que incluye los medios de metro, cables, buses (articulados y padrones) y próximamente tranvía.",,,,,,,transport_and_storage
Peldar,,,,,,,health
"The Walt Disney Company is an American media and entertainment conglomerate. It is the world 
largest producer of audiovisual content, and its products include movies, television, theme parks, 
consumer products, and publishing.",,,"[""Adobe Creative Suite"", ""Photoshop"", ""Illustrator"", ""After Effects"", ""CMS"", ""Asana"", ""Final Cut Pro""]","[""remote"", ""in_house"", ""mixed""]","[""technology"", ""customer_service""]","[""flexibility"", ""teamwork"", ""adaptability"", ""problem_solving"", ""critical_thinking"", ""empathy"", ""creativity"", ""time_management"", ""leadership"", ""focus""]",telecommunications
"Pfizer is a biopharmaceutical company that develops, manufactures, 
and markets medicines, vaccines, and biologics. The company is headquartered 
in New York and is present in more than 150 countries.",,,"[""IBM Watson"", ""Adobe Creative Cloud"", ""Illustrator"", ""Salesforce"", ""Tableau""]","[""remote"", ""in_house"", ""mixed""]","[""marketing_sales"", ""finance""]","[""time_management"", ""leadership"", ""Integrity"", ""social_skills""]",health
"Agua Bendita comenzó como un sueño, el de Catalina Álvarez y Mariana Hinestroza, dos mujeres colombianas que decidieron seguir su pasión por el diseño y crearon una marca de trajes de baño únicos y exclusivos. Querían contar su historia al mundo y mostrar lo que Colombia es a través de la mezcla de detalles, diseño contemporáneo y artesanías.",,,,,,,textile_and_clothing
"Es una unidad de negocio de Corona, dedicada a la fabricación y comercialización de productos que conforman soluciones integrales para Baños, Cocinas y Revestimientos para hogares, oficinas, establecimientos comerciales e institucionales. 

Colcerámica opera ocho (8) plantas de producción ubicadas en los departamentos de Cundinamarca y Antioquia en Colombia – tres (3) en Estados Unidos, tres (3) en Centro América, tres (3) en México y una (1) en Brasil – que cuentan con tecnología de punta y cumplen con los más altos estándares de calidad para ofrecer a sus clientes y consumidores los mejores productos con el respaldo de las marcas Corona, Grival y American Standard. Ofrece una gran variedad de productos que incluyen aparatos sanitarios, lavamanos, accesorios, asientos sanitarios, griferías, duchas, herrajes, muebles, elementos de plomería, pisos, paredes, porcelanatos y decorados y cocinas.

La calidad certificada, la innovación y los precios asequibles de su portafolio de productos le permiten ser una de las empresas más grandes de América en la industria de acabados para la construcción. Es líder en el mercado colombiano y tiene posiciones importantes en los mercados de Venezuela, Ecuador, Estados Unidos, Canadá, Chile, Honduras, Jamaica, República Dominicana, México, Panamá, Costa Rica, Guatemala, El Salvador, Puerto Rico y Perú, entre otros.",,,,,,,health
"Somos TCC, grupo humano, íntegro, cálido y experto que brinda tranquilidad y confianza a sus clientes, a través de soluciones logísticas innovadoras en la cadena de abastecimiento.",,,,,,,transport_and_storage
"Nutrir el bienestar de las personas. Juntos.
Es la razón por la que trabajamos todos los días. Y para lograrlo asumimos los retos que nos trae el futuro, aportando a la industria y sus protagonistas, las mejores posibilidades para lograr producir más proteína, más económica y de mejor calidad con unos recursos cada vez más limitados y a través de un emocionante proceso de innovación.
Basados en la investigación y el conocimiento podemos lograr una producción más eficiente que permita a la industria agropecuaria cumplir con su responsabilidad de nutrir saludablemente a los más de 8.000 mil millones de personas que seremos en tan solo una década, basados en criterios medioambientales que aseguren la sostenibilidad.",,,,,,,agriculture
"Bank of New York Mellon Corporation is a financial services company that offers a broad range of services, 
including custody, asset management, commercial banking, and global markets. The company is headquartered 
in New York, New York, and has operations around the world.",,,"[""asset management systems"", ""accounting software"", ""e-commerce platforms"", ""Salesforce"", ""Oracle""]","[""remote"", ""in_house"", ""mixed""]","[""finance"", ""economics"", ""accounting"", ""tecnology""]","[""teamwork"", ""leadership"", ""innovation""]",financial
"Merck is a science and technology company operating in the fields of healthcare, 
life sciences, and electronics. The company was founded in 1668 and is headquartered 
in Darmstadt, Germany. Merck has more than 60,000 employees around the world and operates 
in more than 60 countries.",,,"[""LabWare"", ""Waters"", ""Thermo Fisher Scientific"", ""Agilent Technologies"", ""Bruker"", ""Varian""]","[""remote"", ""in_house"", ""mixed""]","[""economy"", ""technology"", ""education""]","[""adaptability"", ""creativity"", ""innovation""]",electronic
"Johnson & Johnson is a global health company that aims to help people live healthier, happier lives. 
The company is headquartered in New Jersey, USA, and operates in more than 60 countries. Johnson & Johnson 
offers a wide range of healthcare products and services, including drugs, medical devices, consumer products 
and healthcare services.",,,"[""SAP"", ""Tableau"", ""Adobe Creative Suite""]","[""remote"", ""in_house"", ""mixed""]","[""technology"", ""marketing_sales"", ""accounting""]","[""emotional_intelligence"", ""empathy"", ""patience"", ""motivation""]",health
"Createch es una empresa especializada en el Diseño, Fabricación, Montaje y Mantenimiento de sistemas electromecánicos.",,,,,,,metallurgical
"Desde hace 25 años elaboramos  dotaciones empresariales y comercializamos  implementos de seguridad para los sectores de Aseo, Ingenieria Electrica y Fincas.  
Desde agosto de 2014 cambiamos de Razon Social.  Confeccionamos: overoles, camisas, pantalones, jeans, sacos 3/4 y camisetas.
Contamos con varios talleres de confeccionistas a quienes les llevamos el corte  (bordado o estampado) y los insumos necesarios,  luego les recogemos las prendas y continuamos
con el proceso de control de calidad a  cada  una de las prendas para proceder con el empaque y despacho a nivel local, nacional o internacional.  
Desde  Octubre de 2016  contamos con  la certificacion ISO 9001:2008 en la Fabricacion y Comercializacion de Uniformes de Dotacion e Implementos de Seguridad, avalado  por  Bureau Veritas.",,,,,,,textile_and_clothing
Grupo Uribe,,,,,,,textile_and_clothing
"Somos un equipo experto en brindar soluciones integrales relacionadas con el renting de vehículos, para pymes, empresas y gobierno.",,,,,,,services
"American Express is a financial services company that offers credit card, 
travel, insurance, and other products and services. It was founded in 1850 and is headquartered in New York.",,,"[""Salesforce"", ""SAP"", ""Oracle"", ""IBM"", ""Google Cloud Platform"", ""Amazon Web Services"", ""Microsoft Azure""]","[""remote"", ""in_house"", ""mixed""]","[""finance"", ""technology"", ""management_leadership""]","[""teamwork"", ""creativity"", ""assertive_comunication"", ""problem_solving"", ""teamwork"", ""motivation""]",financial
"General Electric is a multinational technology and services company headquartered in the United States. 
It is one of the largest companies in the world, with operations in more than 100 countries. GE specializes 
in a wide range of industries, including energy, healthcare, aviation, finance, and media.",,,"[""Predix"", ""Leap Manufacturing"", ""GE Digital Twin"", ""Grid IQ Solutions""]","[""remote"", ""in_house"", ""mixed""]","[""finance"", ""processes"", ""technology""]","[""flexibility"", ""adaptability"", ""punctuality"", ""time_management"", ""cultural_awareness""]",technology
"Nos posicionamos con los mejores estándares de calidad, para poner nuestros más sabrosos y saludables productos en su mesa. Hacemos que la carne de cerdo sea un complemento para su balance nutricional.",,,,,,,health
"Sacyr es una compañía multinacional de infraestructuras y servicios . Su apuesta por la innovación y la expansión internacional le han convertido en una compañía de referencia en la construcción y gestión de infraestructuras, proyectos industriales y servicios en 29 países.",,,,,,,construction
Te Hatsu,,,,,,,health
"Meals es una empresa colombiana que lidera el negocio de Helados de Grupo Nutresa. En Meals fabricamos y comercializamos productos de excelente calidad, bajo las marcas Crem Helado y Country Hill.
Contamos con tres plantas de Producción ubicadas Armenia, Bogotá y Manizales. Nuestras marcas, de helados y jugos, ofrecen permanentes innovaciones a los consumidores.
Nuestro equipo está conformado por 1.885 personas que trabajan en todo el país. Entre todos, trabajamos por realizar los sueños y metas de la compañía y los nuestros.",,,,,,,health
Empresa tecnologica,[],[],[],[],[],[],information_technology_and_software
"EPM es una empresa de servicios públicos domiciliarios que tiene una historia para contar, con cifras y hechos de una responsabilidad social y ambiental que le da sentido a su origen, a su desarrollo y a su estrategia de negocios.
Organizada bajo la figura de “empresa industrial y comercial del Estado”, de propiedad del Municipio de Medellín,  EPM imprime los más altos estándares internacionales de calidad a los servicios que presta: energía eléctrica, gas por red, agua y saneamiento.
",,,,,,,services
"Corpocentro tiene como fin la realización de trabajo cívico por el centro de Medellín, a través de diversas estrategias que permiten velar por su conservación y recuperación.

Interactuamos tanto con el sector público como privado, lo que nos permite unir los esfuerzos de todos los actores involucrados en la vida del centro.

La diversidad de empresas que constituyen a CORPOCENTRO, nos permite garantizar una visión amplia para el mejoramiento integral del Centro.

La Corporación Cívica Centro de Medellín, es una entidad creada hace 23 años por la Cámara de Comercio de Medellín.",,,,,,,others
Harinera del Valle,,,,,,,agriculture
"El Municipio de Santiago de Cali, como ente territorial, genera las condiciones necesarias para la oportuna prestación de los servicios públicos y sociales, a través de la planificación del desarrollo económico, social, ambiental y del territorio y, de la administración efectiva de los recursos, propiciando la participación ciudadana en la gestión pública, el ejercicio de los derechos y deberes constitucionales y la convivencia pacífica de sus habitantes, con el fin de mejorar su calidad de vida.",,,,,,,public
"Somos una empresa que brinda soluciones integrales de envases plásticos para el sector cosmético y aseo personal.

Satisfacemos a nuestros clientes con:

Calidad
Oportunidad
Alto nivel tecnológico
Innovación permanente","[2, 6]","[""creative_collaborative_environments"", ""respect_beliefs_and_tastes"", ""allow_make_career_plan""]","[""Todoist"", ""MeMail"", ""Slack""]","[""in_house""]","[""marketing_sales"", ""technology""]","[""flexibility"", ""patience""]",plastics
CNV Construcciones es una empresa de construcción con más de 27 años de experiencia en el mercado que actualmente cuenta con operaciones en Colombia y Panamá.,,,,,,,construction
"Somos una compañía orientada a desarrollar, satisfacer
y dar soluciones a los proyectos de construcción,
remodelación y decoración que emprenden nuestros
clientes, apoyo que les ofrecemos a través de nuestra
amplia red de canales de venta y servicios.",,,,,,,commerce
"AT&T is a telecommunications company that provides mobile phone, internet, 
television, and landline phone services.",,,"[""project management"", ""collaboration software"", ""Data Analysis Software"", ""artificial intelligence software"", ""automation software""]","[""remote"", ""in_house"", ""mixed""]","[""finance"", ""technology"", ""marketing_sales""]","[""decision_making"", ""punctuality"", ""responsability"", ""leadership"", ""time_management"", ""work_ethic""]",telecommunications
Descripcion corta de la empresa,,,,,,,health
"Empresa dedicada al desarrollo y comercialización de alimentos funcionales, es decir, prácticos, saludables y deliciosos. 
Nuestros productos son desarrollados para nichos específicos, buscando satisfacer las necesidades nutricionales de cada uno.",,,,,,,food_and_beverages
Descripción...,,,,,,,food_and_beverages
"Corlanc produce y comercializa diferentes clases de pinturas de bajo olor tales como antibacteriales, impermeabilizantes, evita mancha, súper lavables y pinturas flexibles para acabado final de placas. Adicionalmente produce y comercializa masillas de sistema liviano bajos en VOC, impermeabilizantes bajos en VOC, selladores, siliconas y aerosoles.",,,,,,,others
Descripcion...,,,,,,,health
"Hometuls permite que las empresas pequeñas y medianas puedan comprar y vender a las grandes, pagando a plazo, vendiendo a plazo y sin afectar su liquidez.",,,,,,,health
Interactuar,,,,,,,health
"¡Somos los aliados en el desarrollo de su negocio, a través de soluciones multimedia desarrolladas pensando en el posicionamiento de su negocio y generando clientes potenciales!",,,,,,,publishing
"Grupo SURA es una compañía holding latinoamericana, con foco estratégico en el sector de servicios financieros diversos. Su portafolio está compuesto de la siguiente manera:
- Servicios financieros: incluye empresas en el sector de banca, seguros, pensiones, ahorro, inversión y gestión de activos.
-Industria:  con empresas en los sectores de alimentos, cementos, energía e infraestructura.
- Venture Corporativo: es un programa que desarrolla inversiones en empresas basadas en innovación y tecnología, principalmente en servicios financieros con modelos disruptivos.
Además, invierte en compañías con otros servicios en sectores complementarios.

 

Tiene su origen en 1944, con el nacimiento de la Compañía Suramericana de Seguros Generales (hoy Seguros SURA). En 1997 con la escisión de la actividad aseguradora, se consolida Grupo SURA como holding de lo que hoy es el Conglomerado Financiero SURA, del cual también forman parte, en calidad de filiales, Suramericana (especializada en seguros, tendencias y riesgos) y SURA Asset Management (especializada en la industria de pensiones, ahorro e inversión). El Grupo Bancolombia y Protección también integran el Conglomerado, como inversiones estratégicas no controladas.

 

Grupo SURA cotiza en la Bolsa de Valores de Colombia (BVC) y está inscrita en el programa ADR - Nivel I en Estados Unidos. Está presente a través de las compañías de su portafolio, en once países de Latinoamérica, y es reconocida por su vocación de inversión a largo plazo, su solidez reputacional y su compromiso con la generación de valor, bienestar y desarrollo sostenible.

 

Es la única entidad latinoamericana del sector de servicios financieros diversos que hace parte del Índice Mundial de Sostenibilidad Dow Jones, que reconoce a las compañías con mejores prácticas a nivel global.

",,,,,,,financial
Escala Educación. Brinda servicios de asistencia educativa destinados a incrementar el acceso a la educación superior para familias de ingresos bajos y medios en Colombia.,,,,,,,health
"Somos una compañía colombiana productora y comercializadora de marcas de valor como Gef, Punto Blanco, Baby Fresh, Galax, Parfois con más de 90 años en el mercado.",,"[""quality"", ""discipline"", ""collaboration"", ""customer_orientation"", ""autonomy"", ""creative_collaborative_environments""]","[""Teams"", ""Office 365""]","[""in_house""]","[""marketing_sales"", ""technology"", ""processes"", ""management_leadership"", ""customer_service""]","[""ease_adaptation"", ""collaboration"", ""assertive_communication"", ""cultural_connection"", ""emotional_intelligence"", ""teamwork""]",textile_and_clothing
"PepsiCo is a multinational food and beverage company headquartered in Purchase, New York. 
It is the second largest food and beverage company in the world, after Nestlé. PepsiCo has 
more than 200 brands in its portfolio, including Pepsi, Gatorade, Lays, Doritos, and Quaker Oats. 
The company operates in more than 200 countries and territories.",,,"[""Tableau"", ""Adobe"", ""Microsoft Office"", ""Google Workspace"", ""Salesforce"", ""SAP"", ""Oracle""]","[""remote"", ""in_house"", ""mixed""]","[""marketing_sales"", ""finance"", ""processes""]","[""collaboration"", ""problem_solving"", ""critical_thinking"", ""teamwork""]",food_and_beverages
"Hacemos parte del Grupo Nutresa y tenemos a través de nuestro catálogo los mejores productos para que sorprendas, te cuides y mimes a los que más quieres.",,,,,,,food_and_beverages
Descripción...,,,,,,,health
"Empresa joven, de un grupo de amigos de toda la vida, dedicada a la creación y administración de conceptos gastronómicos, hoy en día somos 171 colaboradores, vinculados en la empresa, 7 puntos de venta (Envigado, Manila, Zona dos, Santa Fe, Molinos, Mayorca). Pizzería Olivia es un restaurante donde su fortaleza son las pizzas artesanales en horno de leña, también se cuenta con una variedad de productos enfocada en productos Italianos. Somos una empresa donde lo humano es prioridad y la responsabilidad social sostenible y productiva esta impregnada en el enfoque y la concepción interna.",,,,,,,food_and_beverages
"El Ministerio de Tecnologías de la Información y las Comunicaciones, según la Ley 1341 o Ley de TIC, es la entidad que se encarga de diseñar, adoptar y promover las políticas, planes, programas y proyectos del sector de las Tecnologías de la Información y las Comunicaciones. Dentro de sus funciones está incrementar y facilitar el acceso de todos los habitantes del territorio nacional a las Tecnologías de la Información y las Comunicaciones y a sus beneficios.",,,,,,,agriculture
"COSECHAS nace en el año 2008 como un concepto innovador en la industria de las bebidas saludables, con un estilo y marca que establecen nuevos estándares para el paladar bajo una dieta más saludable. 
Se reconoce como un producto que ofrece “satisfacción personal”, y que lleva de  forma conveniente y práctica los incomparables sabores, texturas, aromas, y colores de nuestras frutas y vegetales.
Actualmente cuenta con mas de 500 tiendas, distribuidas en todo el territorio nacional, que operan bajo el modelo de Franquicias.",,,,,,,food_and_beverages
"Somos la entidad técnica, estratégica y transversal del Gobierno Nacional que contribuye al bienestar de los colombianos mediante el mejoramiento continuo de la gestión de los servidores públicos y las instituciones en todo el territorio nacional.
 
Función Pública hace parte de los 24 sectores que componen la Rama Ejecutiva Nacional, siendo cabeza del sector Función Pública, del cual también hace parte la Escuela Superior de Administración Pública (ESAP); entidad descentralizada de carácter universitario con presencia regional.",,,,,,,public
"Berkshire Hathaway is an American investment firm headquartered in Omaha, Nebraska. 
It is one of the largest companies in the world by market capitalization and is led by Warren Buffett. 
Berkshire Hathaway has investments in a wide range of companies, including Geico, Dairy Queen, Fruit 
of the Loom, and the BNSF Railway.",,,"[""Microsoft Office"", ""Adobe Creative Suite"", ""Salesforce"", ""Google Analytics"", ""Slack"", ""Zoom"", ""Trello"", ""Asana"", ""Tour"", ""Confluence""]","[""remote"", ""in_house"", ""mixed""]","[""finance"", ""accounting""]","[""adaptability"", ""problem_solving"", ""critical_thinking"", ""assertive_communication"", ""teamwork"", ""leadership"", ""flexibility"", ""persuasion"", ""creativity""]",financial
Nuestro propósito es producir y comercializar productos de belleza y cuidado personal que mejoren la calidad de vida de los consumidores y superen sus expectativas.,,,,,,,beauty_and_esthetics
"Procter & Gamble is a multinational consumer goods company headquartered in Cincinnati, Ohio. 
The company was founded in 1837 by William Procter and James Gamble, and is one of the largest 
consumer goods companies in the world. P&G manufactures a wide range of products, including soaps, 
detergents, shampoos, conditioners, oral care products, diapers, sanitary napkins, cleaning products, 
baby food, and personal care products.",,,"[""Adobe Creative Cloud"", ""SAP"", ""AWS"", ""SalesForce"", ""Oracle"", ""Tableau""]","[""remote"", ""in_house"", ""mixed""]","[""processes"", ""marketing_sales"", ""finance""]","[""fast_learning"", ""problem_solving"", ""decision_making"", ""teamwork"", ""leadership""]",pharmaceutical
Descripcion corta de la empresa,,,,,,,health
"HSBC Holdings plc is an international bank headquartered in London, United Kingdom. 
It is one of the largest banks in the world, with operations in more than 80 countries. 
HSBC offers a wide range of financial services, including commercial banking, investment banking, 
asset management and private banking.",,,"[""SAP"", ""Oracle"", ""Bloomberg"", ""Reuters""]","[""remote"", ""in_house"", ""mixed""]","[""accounting"", ""finance"", ""economy""]","[""teamwork"", ""problem_solving"", ""emotional_intelligence"", ""critical_thinking"", ""creativity""]",financial
"We’re a diverse collective of thinkers and doers, continually reimagining what’s possible to help us all do what we love in new ways. And the same innovation that goes into our products also applies to our practices — strengthening our commitment to leave the world better than we found it. This is where your work can make a difference in people’s lives. Including your own. Apple is an equal opportunity employer that is committed to inclusion and diversity. Visit apple.com/careers to learn more.

Innovative Product Development, World-Class Operations, Retail, and Telephone Support",,,"[""Xcode"", ""Swift"", ""Objective-C"", ""Cocoa Touch"", ""Interface Builder"", ""Instruments"", ""TestFlight"", ""Core Animation"", ""Metal"", ""ARKit"", ""UIKit"", ""Core Data""]","[""remote"", ""in_house"", ""mixed""]","[""marketing_sales"", ""finance"", ""processes"", ""work_methods""]","[""creativity"", ""work_ethic"", ""problem_solving"", ""teamwork"", ""assertive_communication"", ""leadership"", ""patience"", ""focus""]",technology
"Somos un laboratorio de EMPRENDIMIENTO e INNOVACIÓN enfocado en generar soluciones que visibilizan y dinamizan el ecosistema emprendedor, porque creemos que el emprendimiento y la innovación son “LAS” herramientas para el desarrollo del país. 
Entre nuestras lineas de negocio se encuentra:
1. Revista Mprende
2. Creación de redes de valor a través de eventos
3. Transformación de futuro a través de la generación de habilidades siglo XXI
4. Consolidación de sueños: Acompañamiento a emprendedores 
5. Generación de metamorfosis empresarial: Llevar metodologías de emprendimiento a las organizaciones ",,,,,,,health
"Gana es la red tecnológica más grande del departamento de Antioquia, a través de la cual se ofrecen servicios de giros, recargas, recaudos, pagos, seguros, juegos, entre otros. Nuestra capilaridad nos permite estar en los 125 municipios del departamento, llevando bienestar, calidad de vida, desarrollo económico y social a todas las comunidades donde estamos presentes.

Gana es una marca del Grupo Réditos, un holding empresarial presente en diversos sectores de la economía y con una proyección multilatina.",,,,,,,health
"Cómo Vamos es un programa de seguimiento y evaluación de la calidad de vida en las ciudades. Tiene como propósito contribuir a desarrollar gobiernos efectivos y transparentes y ciudadanías más informadas, responsables y participativas. La evaluación de la calidad de vida de la ciudad se hace a partir de indicadores objetivos y subjetivos y del seguimiento a los resultados de la gestión pública, con participación de expertos, administradores, académicos, organizaciones sociales y comunitarias y ciudadanos, entre otros actores del desarrollo.",,,,,,,public
"GAMMA pertenece a la Organización Corona, una compañía multinacional con más de 133 años de experiencia en procesos de manufactura, que actualmente emplea más de 18.000 personas y cuenta con más de veintisiete plantas de producción entre Estados Unidos, Colombia, México, Brasil y Centroamérica. Es reconocida además como una empresa con un alto grado de compromiso con la naturaleza y la sociedad.

Con más de 50 años de trayectoria en el mercado, somos una compañía dedicada a la fabricación y comercialización de soluciones en aislamiento y equipos de protección y maniobra para las empresas de energía eléctrica, compañías fabricantes de equipos y distribuidores del sector eléctrico.

Actualmente somos distribuidores para Colombia de la línea de productos de protección y maniobra para baja y media tensión de Hyundai y desde el 2013 participamos en el negocio de refractarios a través de la adquisición de la Empresa de Refractarios Colombianos S.A.S., Erecos.

Todas nuestras plantas de manufactura cuentan con equipos de última tecnología y están certificados bajo estándares ISO 9001, 14001, OSHAS 18001, BASC y C-TPAT. Usamos de forma exitosa herramientas de manufactura de clase mundial y metodologías de mejoramiento de procesos como TPM, Lean Manufacturing y Six Sigma que nos permiten fabricar productos de la más alta calidad.

Nuestra planta está localizada en Colombia, Sur América, cercana a la ciudad de Medellín. Ubicación estratégica que nos permite atender las demandas de nuestros crecientes mercados en Norte, Centro, Sur América y el resto del mundo. Con acceso tanto al océano Atlántico como Pacífico, tenemos la capacidad de realizar despachos directos desde nuestras instalaciones en cuestión de días.

Adicionalmente tenemos una extensa red de distribución que cuenta con producto de forma permanente, entregando soluciones inmediatas a las necesidades de nuestros clientes.",,,,,,,others
"General Motors is an American automotive company that designs, develops, 
manufactures, and markets automobiles, trucks, vans, engines, and replacement parts. 
The company is headquartered in Detroit, Michigan, and is one of the largest automotive companies in the world.",,,"[""CATIA"", ""Siemens NX"", ""LS-DYNA"", ""OnStar"", ""LiDAR"", ""Apache Hadoop""]","[""remote"", ""in_house"", ""mixed""]","[""education"", ""accounting"", ""work_methods"", ""finance""]","[""flexibility"", ""adaptability"", ""organization"", ""resilence"", ""motivation""]",automotive
"Casa Editorial El Tiempo es un grupo de medios con más de 100 años de existencia que cuenta con una amplia gama de medios de comunicación en formatos impresos, digitales (informativos y transaccionales) y televisivos; algunos de los productos impresos son el periódico EL TIEMPO, periódico Portafolio, Diario gratuito ADN, los periódicos regionales 7 Días, Revista Motor, revista Aló, revista Don Juan, revista Portafolio, revista ABC del bebé, revista Carrusel, revista Bocas, revista MetroCuadrado, entre otros; también cuenta con canales de televisión (EL TIEMPO Televisión y CityTV), portales transaccionales
(ElEmpleo.com, MetroCuadrado.com, GuiaAcadémica.com, Clasificados.eltiempo.com y CarroYa.com) y portales digitales informativos (Eltiempo.com, Portafolio.co, RevistaDonJuan.com, ABCdelBebe.com, FutbolRed.com, RevistaMotor.com.co y Alo.co).",,,,,,,publishing
"At IBM, we do more than work. We create. We create as technologists, developers, and engineers. We create with our partners. We create with our competitors. If you're searching for ways to make the world work better through technology and infrastructure, software and consulting, then we want to work with you. We're here to help every creator turn their ""what if"" into what is. Let's create something that will change everything.

Cloud, Mobile, Cognitive, Security, Research, Watson, Analytics, Consulting, Commerce, Experience Design, Internet of Things, Technology support, Industry solutions, Systems services, Resiliency services, Financing, and IT infrastructure",,,"[""IBM Cloud"", ""Watson"", ""Red Hat"", ""Linux"", ""Java"", ""Python"", ""SQL""]","[""remote"", ""in_house"", ""mixed""]","[""technology"", ""education"", ""work_methods""]","[""assertive_communication"", ""teamwork"", ""problem_solving"", ""creativity"", ""innovation""]",technology
"Ford Motor Company is a global automobile company that manufactures and sells cars, trucks, vans, and vans. 
The company was founded in 1903 by Henry Ford and is headquartered in Dearborn, Michigan. Ford Motor Company +
is one of the world largest companies with operations in more than 200 countries.",,,"[""Autodesk"", ""SolidWorks"", ""Route4Me"", ""Fishbowl""]","[""remote"", ""in_house"", ""mixed""]","[""processes"", ""management_leadership"", ""marketing_sales"", ""education""]","[""assertive_communication"", ""problem_solving"", ""teamwork"", ""critical _thinking"", ""adaptability"", ""innovation""]",automotive
